{
  "num_samples_total": 137291,
  "num_samples_total_augmented": 151959,
  "num_samples_train": 121567,
  "num_samples_test": 30392,
  "num_classes": 36,
  "train_accuracy": 0.4996174948793669,
  "train_balanced_accuracy": 0.6445236756607484,
  "accuracy": 0.5034219531455646,
  "balanced_accuracy": 0.6403915317021299,
  "precision_macro": 0.456387367650484,
  "precision_weighted": 0.5829745800108215,
  "recall_macro": 0.6403915317021299,
  "recall_weighted": 0.5034219531455646,
  "f1_macro": 0.44287455924519414,
  "f1_weighted": 0.5206704276771589,
  "top_3_accuracy": 0.732133456172677,
  "train_top_3_accuracy": 0.7289725007608973,
  "augment_class": "m",
  "augment_factor": 4,
  "augment_noise_std": 0.008,
  "balance_to_max": false,
  "use_class_weights": true,
  "prototypes_per_class": 3,
  "top_1_accuracy_sklearn": 0.5034219531455646,
  "roc_auc_ovr_macro": 0.9254130879514355,
  "roc_auc_ovo_macro": 0.9254130879514355,
  "roc_auc_ovr_weighted": 0.8951857340239641,
  "roc_auc_ovo_weighted": 0.8951857340239641
}