{
  "num_samples_total": 2119,
  "num_samples_train": 1695,
  "num_samples_test": 424,
  "num_classes": 36,
  "accuracy": 0.8018867924528302,
  "balanced_accuracy": 0.7628118794785461,
  "precision_macro": 0.7658084666308351,
  "precision_weighted": 0.810154415642561,
  "recall_macro": 0.7628118794785461,
  "recall_weighted": 0.8018867924528302,
  "f1_macro": 0.7544939563975067,
  "f1_weighted": 0.7970434541550511,
  "top_3_accuracy": 0.9481132075471698,
  "top_1_accuracy_sklearn": 0.8018867924528302,
  "roc_auc_ovr_macro": 0.9822432869785467,
  "roc_auc_ovo_macro": 0.9822432869785467,
  "roc_auc_ovr_weighted": 0.9856451844164257,
  "roc_auc_ovo_weighted": 0.9856451844164257
}